Id	quartile	guideScore	mfe	gq	dr	result
KRAS-0	4	1.3874225248468788	-7.3	0	0	...........((((.........)))).(((.(((.......))).))).............. ( -7.30)
KRAS-1	4	1.076937887010358	-10.3	0	0	(.(((((....((((.........)))).))))).)(((((...)))))............... (-10.30)
KRAS-2	4	1.3263393993129764	-11.1	0	0	(.(((((....((((.........)))).))))).).........(((((........))))). (-11.10)
KRAS-3	4	0.9646933666744039	-9.3	0	0	(.(((((....((((.........)))).))))).)((((((((.........)))).)))).. ( -9.30)
KRAS-4	4	1.070118039945678	-10.9	0	0	..((((((((.((((.........))))..((((((.(..........))))))))))))))). (-10.90)
KRAS-6	4	0.912356186243349	-8.4	0	1	..(((((....((((.........)))).)))))..(((..(((...)))..)))......... ( -8.40)
KRAS-7	4	1.0199109645882796	-8.6	0	0	......(((((((((.........))))...............)))))................ ( -8.60)
KRAS-8	4	1.1365446631915612	-7.9	0	0	((((((((...((((.........))))..........................)))))))).. ( -7.90)
KRAS-9	4	1.1153603602471205	-7.9	0	0	......(((((((((.........)))..............((........))))))))..... ( -7.90)
KRAS-10	3	0.756860183678676	-8.5	0	0	(.(((((....((((.........)))).))))).)....(((..((........))..))).. ( -8.50)
KRAS-12	3	0.6925126385946849	-7.4	0	0	...((((((((((((.........)))).....(((....)))...........)))).)))). ( -7.40)
KRAS-13	4	0.8250336895536126	-9.2	0	0	(.(((((....((((.........)))).))))).).((((((...))))))(((......))) ( -9.20)
KRAS-14	3	0.7946075481439432	-15.42	1	0	(.(((((....((((.........)))).))))).)......(((...++.++...++.++))) (-15.42)
KRAS-15	3	0.7432318909458385	-10.5	0	0	((((((((...............((((((..........)))))).......)))))))).... (-10.50)
KRAS-16	4	1.0321253184941948	-7.7	0	0	(.(((((....((((.........)))).))))).)........((((((....)))).))... ( -7.70)
KRAS-17	4	0.8155818597703992	-9.3	0	0	...........((((.........))))....(((((((......)))))))............ ( -9.30)
KRAS-18	3	0.6915887852688632	-8.3	0	0	.((((((....((((.........))))(((.......)))..((((......)))))))))). ( -8.30)
KRAS-19	2	0.5302145466731731	-6.9	0	0	(.(((((....((((.........)))).))))).)............................ ( -6.90)
KRAS-20	4	0.8699671468468686	-11.6	0	0	..(((((((.....((((((((.((....))....))))))))..)))))))............ (-11.60)
KRAS-21	3	0.7297257458046007	-6.7	0	1	..(((((....((((.........)))).))))).............................. ( -6.70)
KRAS-22	2	0.6661536056549318	-6.9	0	0	.................((((...((((.(.........))))).....))))........... ( -6.90)
KRAS-23	4	0.8388867419787924	-11.7	0	1	..(((((....((((.........)))).)))))......((((((.......))))))..... (-11.70)
KRAS-24	3	0.7167682430331905	-12.2	0	0	(.(((((....((((.........)))).))))).).((((((((....)))..)))))..... (-12.20)
KRAS-26	1	0.4826197103009028	-8.6	0	0	((((...((..((..(((.((((((..........)))))).)))..))..))...)))).... ( -8.60)
KRAS-27	2	0.676428982306003	-8.3	0	1	..(((((....((((.........)))).)))))...........((((((...)))))).... ( -8.30)
KRAS-28	1	0.489651820165209	-10.9	0	0	(((.((((..............(((((........))))).............)))).)))... (-10.90)
KRAS-29	1	0.4873059753433071	-11.8	0	0	.....(((.....(((...((...(((((((........)))))))...)).))).....))). (-11.80)
KRAS-30	1	0.4486927304058881	-8.7	0	0	(.(((((....((((.........)))).))))).)(((((............)))))...... ( -8.70)
KRAS-31	1	0.4730976283730677	-10.0	0	0	......................(((((((((.....((((...)))).....)))))))))... (-10.00)
KRAS-32	3	0.7076493116599123	-6.7	0	1	..(((((....((((.........)))).))))).............................. ( -6.70)
KRAS-33	1	0.4698722933755549	-7.7	0	0	((((((((...((((.........)))).............))))))))............... ( -7.70)
KRAS-34	1	0.4762158284288674	-7.0	0	0	(((((......((((.........)))).........)))))...................... ( -7.00)
KRAS-35	2	0.6121996530071107	-9.1	0	0	((((.((.(((((((.........))).(((.....)))............)))))).)))).. ( -9.10)
KRAS-36	3	0.7897788175886531	-11.3	0	0	.....................(((((((...........(((...)))........))))))). (-11.30)
KRAS-39	4	0.8189456470491205	-7.7	0	1	..(((((....((((.........)))).)))))....((((.............))))..... ( -7.70)
KRAS-42	3	0.7303547332972229	-11.1	0	0	(.(((((....((((.........)))).))))).)...((((.((..(....)..)))))).. (-11.10)
KRAS-43	2	0.6544695622231224	-13.7	0	0	(.(((((....((((.........)))).))))).).((((...((......))...))))... (-13.70)
KRAS-44	2	0.6146137836024231	-8.1	0	0	(.(((((....((((.........)))).))))).).....(((((...........))))).. ( -8.10)
KRAS-45	3	0.7703590721520486	-15.9	0	0	...........((((.........))))((((..(((((..(((....)))..)))))..)))) (-15.90)
KRAS-46	3	0.7006922168450793	-10.5	0	0	.............(((.....((((((((.................))))))))...))).... (-10.50)
KRAS-47	4	0.8722969925575526	-11.7	0	1	..(((((....((((.........)))).)))))....(((((............))))).... (-11.70)
KRAS-48	3	0.7717989533209108	-13.0	0	0	(((((.((((.((((.........))))((((....)))).....)))))))))((.....)). (-13.00)
KRAS-49	1	0.45860152482984745	-10.0	0	0	(.(((((....((((.........)))).))))).)......((((((.......))).))).. (-10.00)
KRAS-50	2	0.5940452281361649	-10.5	0	0	(((((((....((((.........)))).......)))))))...................... (-10.50)
KRAS-51	2	0.5817331195624368	-6.9	0	0	(.(((((....((((.........)))).))))).)............................ ( -6.90)
KRAS-52	1	0.4606334105506329	-6.9	0	0	(.(((((....((((.........)))).))))).)............................ ( -6.90)
KRAS-53	1	0.33152313621655294	-8.7	0	0	..(((((....((((.........)))).))))).((((....((((....))))..))))... ( -8.70)
KRAS-54	2	0.607728732754051	-9.3	0	0	(.(((((....((((.........)))).))))).).....(((((....)))))......... ( -9.30)
KRAS-56	2	0.5855032231504135	-11.9	0	0	......(((((..........(((((.((((.....)))).)))))....)))))......... (-11.90)
KRAS-57	3	0.7125247409576826	-7.8	0	0	..(((((....((((.........)))).)))))(((((...)))))................. ( -7.80)
KRAS-58	1	0.40964396466265374	-7.0	0	0	((((((.....((((.........))))................)))))).............. ( -7.00)
KRAS-59	3	0.731916020339843	-8.8	0	0	(.(((((....((((.........)))).))))).).((((......))))............. ( -8.80)
KRAS-60	3	0.8006722936888031	-7.8	0	1	..(((((....((((.........)))).)))))....(((....)))................ ( -7.80)
KRAS-61	3	0.6967046537529789	-10.9	0	0	(.(((((....((((.........)))).))))).)......((((((((.....)))))))). (-10.90)
KRAS-62	1	0.4444738720811465	-10.1	0	0	(.(((((....((((.........)))).))))).).(((..(((........)))..)))... (-10.10)
KRAS-63	1	0.5061976195486639	-9.0	0	0	..(((((....((((.........)))).))))).(((.((........)).)))......... ( -9.00)
KRAS-64	1	0.407664673990217	-14.9	0	0	(.(((((....((((.........)))).))))).).(((...((((((.....))))))))). (-14.90)
KRAS-65	1	0.4900316232203687	-6.9	0	0	(.(((((....((((.........)))).))))).)............................ ( -6.90)
KRAS-66	1	0.5127526663245452	-6.9	0	0	(.(((((....((((.........)))).))))).)............................ ( -6.90)
KRAS-67	2	0.5703211504018402	-7.8	0	0	((.((((....((((.........)))).......)))).)).(((((((...))))))).... ( -7.80)
KRAS-68	2	0.5387743833045694	-8.9	0	0	(.(((((....((((.........)))).))))).)...........(((((.......))))) ( -8.90)
KRAS-69	1	0.4008949413137738	-11.8	0	0	.....(((((.((((.........)))).......((((.((......)).)))).)))))... (-11.80)
KRAS-70	1	0.49211874562812447	-8.7	0	0	....................(((.((((((((.........)))))))).)))........... ( -8.70)
KRAS-71	4	0.9711769825124505	-10.9	0	0	.......(((.((((((((....................))))))))..)))............ (-10.90)
KRAS-72	2	0.6247011003855768	-11.7	0	0	(.(((((....((((.........)))).))))).)(((((....)))))(((((...))))). (-11.70)
KRAS-73	2	0.6490918308400442	-11.1	0	1	..(((((....((((.........)))).)))))....(((.(((.((......)).))).))) (-11.10)
KRAS-74	2	0.5270824509898759	-7.4	0	0	(.(((((....((((.........)))).))))).)((((....))))................ ( -7.40)
KRAS-75	2	0.5267529443596978	-7.6	0	0	...........((((.........))))....(((((((.........)))))))......... ( -7.60)
KRAS-76	2	0.620014208275723	-6.9	0	0	(.(((((....((((.........)))).))))).)............................ ( -6.90)
KRAS-77	2	0.574953298119468	-9.0	0	0	...........((((.........))))((((........)))).......(((......))). ( -9.00)
KRAS-78	3	0.7350118509342829	-7.8	0	1	..(((((....((((.........)))).)))))......((((((((.......)))))))). ( -7.80)
KRAS-80	3	0.768947644402689	-7.3	0	0	(.(((((....((((.........)))).))))).).((((..............))))..... ( -7.30)
KRAS-81	3	0.7148901444344999	-6.7	0	1	..(((((....((((.........)))).))))).............................. ( -6.70)
KRAS-82	1	0.29184260048587957	-7.3	0	0	(.(((((....((((.........)))).))))).)((((.......))))............. ( -7.30)
KRAS-84	4	1.1366689722940182	-10.9	0	0	..(((((....((((.........)))).)))))((((....((((...))))....))))... (-10.90)
KRAS-85	1	0.0	-7.2	0	0	(((....((((((((.........)))).............))))....)))............ ( -7.20)
KRAS-86	3	0.7706318081198092	-12.7	0	1	..(((((....((((.........)))).))))).....(((((.(....).)))))....... (-12.70)
KRAS-87	1	0.4588710889594193	-9.6	0	0	(.(((((....((((.........)))).))))).).........((((......))))..... ( -9.60)
KRAS-88	4	0.9517325675872367	-10.2	0	1	..(((((....((((.........)))).)))))...(((((.......))))).......... (-10.20)
KRAS-90	4	0.9698663488361914	-12.8	0	1	..(((((....((((.........)))).)))))....((.(((.((......))))).))... (-12.80)
KRAS-91	2	0.6171961685614242	-17.5	0	1	..(((((....((((.........)))).)))))..(((.((((..........)))).))).. (-17.50)
KRAS-92	4	1.122825022641994	-9.9	0	0	(.(((((....((((.........)))).))))).)...((.((....)).))........... ( -9.90)
PPIB-0	4	0.8726056385683041	-7.3	0	1	..(((((....((((.........)))).)))))..........(((((((......))))))) ( -7.30)
PPIB-1	4	0.9089784576706539	-6.7	0	1	..(((((....((((.........)))).))))).............................. ( -6.70)
PPIB-2	3	0.767210995469081	-9.4	0	0	(.(((((....((((.........)))).))))).).(((((((((........))))))))). ( -9.40)
PPIB-3	4	0.8182107508004457	-8.8	0	0	..(((((....((((.........)))).)))))(((((((.((........)))))...)))) ( -8.80)
PPIB-4	3	0.7774539582477418	-10.0	0	0	........(((((.....((((.....((((((.........))))))..)))))))))..... (-10.00)
PPIB-5	1	0.3915208123152808	-10.5	0	0	...........((((.........))))(((...((((....))))...)))............ (-10.50)
PPIB-6	1	0.46643032564428205	-10.3	0	0	(.(((((....((((.........)))).))))).)(((.((............)).))).... (-10.30)
PPIB-7	2	0.5678876171339543	-11.1	0	1	..(((((....((((.........)))).)))))............(((((......))))).. (-11.10)
PPIB-10	2	0.6744168062768922	-15.9	0	0	(.(((((....((((.........)))).))))).).((((((....))))))........... (-15.90)
PPIB-12	2	0.5899622966586521	-12.4	0	0	(.(((((....((((.........)))).))))).)..((..((((........)))).))... (-12.40)
PPIB-13	4	0.8653544792966039	-17.9	0	0	..(((((....((((.........)))).)))))(((((((((((...)))..).))))))).. (-17.90)
PPIB-14	4	0.9165221129327056	-16.1	0	0	(.(((((....((((.........)))).))))).).(((...)))(((((((....))))))) (-16.10)
PPIB-15	3	0.737777273749826	-17.3	0	1	..(((((....((((.........)))).)))))..(((((..((.((....))))..))))). (-17.30)
PPIB-16	1	0.4598465396238375	-10.7	0	1	..(((((....((((.........)))).))))).....((((((.........)))).))... (-10.70)
PPIB-18	1	0.5151365174411676	-9.9	0	0	.......................((((.((....(((.((.......)))))....)).)))). ( -9.90)
PPIB-19	3	0.7109083813255517	-11.8	0	0	........................((((((.........)))))).((((.........)))). (-11.80)
PPIB-20	2	0.6749050015435233	-16.5	0	0	(.(((((....((((.........)))).))))).)(((((...((........))...))))) (-16.50)
PPIB-22	1	0.4551059711265042	-10.5	0	0	(.(((((....((((.........)))).))))).)...(((...((......))....))).. (-10.50)
PPIB-23	2	0.534850568069475	-12.1	0	0	....((((((.(..(((...(((.((((.......)).)))))...)))..).))))))..... (-12.10)
PPIB-24	1	0.4432893276693406	-10.6	0	0	....((((((.((((.........))))..............)))))).((((....))))... (-10.60)
PPIB-25	1	0.42394317919795144	-10.9	0	0	..........(((((......((((((.....................)))))).))))).... (-10.90)
PPIB-26	3	0.7115175355488428	-14.2	0	0	.....((((..((........((((((..........))))))..(((.....)))))..)))) (-14.20)
PPIB-27	2	0.6106737520070284	-10.0	0	0	(.(((((....((((.........)))).))))).)...((((..(((.....)))..)))).. (-10.00)
PPIB-28	2	0.5896252057833428	-12.7	0	0	.....................((((((((.....(((..........)))....))).))))). (-12.70)
PPIB-29	2	0.5607503179759895	-14.1	0	0	(.(((((....((((.........)))).))))).)(((((............)))))...... (-14.10)
PPIB-30	2	0.5817452506607239	-10.4	0	0	.....................((((((........)))))).(((.........)))....... (-10.40)
PPIB-31	1	0.5132343321694904	-6.9	0	0	(.(((((....((((.........)))).))))).)............................ ( -6.90)
PPIB-32	1	0.46692549572912756	-6.7	0	1	..(((((....((((.........)))).))))).............................. ( -6.70)
PPIB-33	1	0.4063398319573039	-6.9	0	1	..(((((....((((.........)))).)))))..((.(((.((.....)).))).))..... ( -6.90)
PPIB-35	1	0.4592188122715176	-9.5	0	0	(.(((((....((((.........)))).))))).)...(((.((((....)))).)))..... ( -9.50)
PPIB-36	1	0.3836349777355414	-8.2	0	1	..(((((....((((.........)))).))))).....((((.((......).).)))).... ( -8.20)
PPIB-37	1	0.41130751027477797	-8.3	0	0	......(((..(((((.........(.(((......))).)..........)))).)..))).. ( -8.30)
PPIB-40	1	0.5000796838463429	-11.5	0	1	..(((((....((((.........)))).)))))......(((.((.(((...))).)).))). (-11.50)
PPIB-41	2	0.5196013910098305	-16.6	0	0	(.(((((....((((.........)))).))))).)((((..(((.....)))..))))..... (-16.60)
PPIB-43	2	0.6271840566158396	-12.3	0	1	..(((((....((((.........)))).)))))....(.((.((((((...)))))).))).. (-12.30)
PPIB-45	2	0.6486572362994263	-10.9	0	1	..(((((....((((.........)))).)))))..(((...(((.((.....)).))).))). (-10.90)
PPIB-46	1	0.4099771114956377	-10.2	0	0	(.(((((....((((.........)))).))))).)(((.((((......)).)).)))..... (-10.20)
PPIB-47	1	0.24710141717873269	-9.7	0	0	(.(((((....((((.........)))).))))).)..((((((.(.........).).))))) ( -9.70)
PPIB-48	1	0.4583234787449648	-11.2	0	0	.........((((..........((((((.....((........))......)))))))))).. (-11.20)
PPIB-49	2	0.5635461692991395	-14.0	0	0	.....(((((.(.(((.....((.(((........))).)).....))).).)))))....... (-14.00)
PPIB-50	1	0.4468624535687436	-14.9	0	0	(((((((....((((.........))))........((((.......)))))))))))...... (-14.90)
PPIB-51	3	0.716302564047117	-9.8	0	1	..(((((....((((.........)))).)))))........((((......))))........ ( -9.80)
PPIB-52	1	0.49500837373870976	-9.6	0	0	(.(((((....((((.........)))).))))).)......((((((......))).)))... ( -9.60)
PPIB-55	3	0.7541445158552726	-7.2	0	0	(((((.(.((((.........((((((........))))))))))).)))))............ ( -7.20)
PPIB-58	2	0.6384552471127986	-7.2	0	0	...........((((.........))))...((((((.((............))..)))))).. ( -7.20)
PPIB-59	3	0.7931049633664617	-15.5	0	0	.....(((((...(((((((((....(((.(((....))))))..)))))))))...))))).. (-15.50)
PPIB-60	4	0.9484385227242156	-16.8	0	0	..(((((....((((.........)))).))))).((((((((((......))))))))))... (-16.80)
PPIB-61	2	0.5508958168790394	-11.4	0	0	(((((......((((.........))))........((((((....))))))...))))).... (-11.40)
PPIB-62	2	0.5241552114428697	-7.3	0	0	(.(((((....((((.........)))).))))).).((.((...........)).))...... ( -7.30)
PPIB-64	2	0.5664937399932809	-8.9	0	0	......((((.........((((((((((..((........))..)))))..))))).)))).. ( -8.90)
PPIB-65	2	0.5747095223108656	-10.7	0	0	...................(((((..(((.......)))..)))))((((........)))).. (-10.70)
PPIB-66	3	0.7320202024416604	-13.5	0	0	..(((((....((((.........)))).)))))((.(((((........))))).))...... (-13.50)
PPIB-67	4	0.8804337722233045	-21.4	0	0	.....................(((((((.(((((.((((.....))))..))))).))))))). (-21.40)
PPIB-68	3	0.7874104202305163	-15.9	0	0	.....................(((((((.(((((.....))))).)))))))............ (-15.90)
PPIB-70	4	0.8750187076270084	-12.0	0	1	..(((((....((((.........)))).))))).......((((......))))......... (-12.00)
PPIB-72	4	0.8153678032368323	-9.1	0	0	(.(((((....((((.........)))).))))).)((....))..........(((...))). ( -9.10)
PPIB-73	2	0.6095592268093528	-12.7	0	0	(.(((((....((((.........)))).))))).).............((((.......)))) (-12.70)
PPIB-75	2	0.6555437220574738	-13.82	1	0	.....................(((((.(.((......++.++.++...++))).)))))..... (-13.82)
PPIB-76	2	0.5461335629182992	-10.7	0	0	....................((((.(.(((......(((....)))....))).).)))).... (-10.70)
PPIB-77	3	0.7045177826523454	-18.8	0	1	..(((((....((((.........)))).)))))...((((((((((......)))))))))). (-18.80)
PPIB-78	2	0.6367912670147258	-9.8	0	0	..(((((....((((.........)))).))))).(((....((........)).....))).. ( -9.80)
PPIB-79	3	0.8013144632895028	-12.3	0	0	(.(((((....((((.........)))).))))).).((.(((......))).))......... (-12.30)
PPIB-80	4	0.8369149045054876	-14.3	0	0	..(((((....((((.........)))).))))).((.((..((....))..))))........ (-14.30)
PPIB-81	4	0.9519351488105857	-13.3	0	0	(.(((((....((((.........)))).))))).)....((((((....))).)))....... (-13.30)
PPIB-82	4	0.8806005100150949	-13.8	0	1	..(((((....((((.........)))).))))).........((((............)))). (-13.80)
PPIB-83	4	0.8928203106532869	-13.4	0	0	........((((((......((.((....))....)).....))))))((((.....))))... (-13.40)
PPIB-85	4	0.9461762365642084	-15.9	0	0	..(((((....((((.........)))).))))).((((.((...))))))((((.....)))) (-15.90)
PPIB-86	4	1.064100308562503	-20.5	0	0	(.(((((....((((.........)))).))))).)..(.((.((((......)))).)).).. (-20.50)
PPIB-87	4	0.8439326024058678	-33.72	1	0	(.(((((....((((.........)))).))))).)(((.+++.+++.+++...+++..))).. (-33.72)
PPIB-88	4	0.8188987575912401	-19.0	0	0	..(((((....((((.........)))).))))).(((((.(((.((....)).))).))))). (-19.00)
PPIB-89	3	0.7678357310824783	-18.09	1	1	..(((((....((((.........)))).))))).........(((...)))++.++..++.++ (-18.09)
PPIB-90	4	0.8912210840279398	-18.69	1	1	..(((((....((((.........)))).))))).....((++.++..++.++....))..... (-18.69)
PPIB-91	4	0.8812025836848196	-18.1	0	0	..(((((....((((.........)))).))))).((((.(((.(........)))).)))).. (-18.10)
PPIB-92	3	0.8004761319770515	-17.8	0	0	........................(((((..........)))))..((((((.....)))))). (-17.80)
MALAT1-0	3	0.7002644214108211	-17.8	0	0	(.(((((....((((.........)))).))))).)..((((.(((((......))))).)))) (-17.80)
MALAT1-1	4	0.8546943932196198	-11.5	0	0	(.(((((....((((.........)))).))))).).....((((.....))))(((...))). (-11.50)
MALAT1-2	4	0.9206193926754076	-10.2	0	0	(.(((((....((((.........)))).))))).).....(((((........)))))..... (-10.20)
MALAT1-3	2	0.6563292993231711	-11.7	0	1	..(((((....((((.........)))).)))))........((((((((....))))..)))) (-11.70)
MALAT1-4	3	0.7319513406511494	-9.3	0	0	...........((((.........))))..(((((.((...((........))..))))))).. ( -9.30)
MALAT1-5	1	0.3191797539064109	-12.6	0	1	..(((((....((((.........)))).))))).......((..(((......)))..))... (-12.60)
MALAT1-6	1	0.4494518130166786	-7.0	0	0	(.(((((....((((.........)))).))))).)....((.((..............)))). ( -7.00)
MALAT1-8	1	0.46582236389861054	-13.8	0	0	(.(((((....((((.........)))).))))).).((((...(((.((...)).))).)))) (-13.80)
MALAT1-9	2	0.6203049106537087	-12.9	0	0	.......(((.((((((.(((((((((........))))).))))...))).)))..))).... (-12.90)
MALAT1-10	1	0.4949378145517278	-7.4	0	0	(((((......((((.........)))).((((....))))...............)))))... ( -7.40)
MALAT1-11	1	0.46843565087630656	-7.1	0	0	(.(((((....((((.........)))).))))).)(((....))).................. ( -7.10)
MALAT1-12	2	0.5932056327197315	-9.8	0	1	..(((((....((((.........)))).)))))..........(((((..........))))) ( -9.80)
MALAT1-13	2	0.6126293561981859	-11.0	0	1	..(((((....((((.........)))).))))).....((((((.......))))..)).... (-11.00)
MALAT1-14	4	0.8799317331577254	-8.6	0	0	....................((((((..(((((........)))))..))).)))......... ( -8.60)
MALAT1-15	2	0.549016277387996	-7.0	0	0	....((((.............((((((((..........)))))))).............)))) ( -7.00)
MALAT1-16	1	0.4825552342808057	-9.7	0	0	.....................(((((((((((.......))))))))).))............. ( -9.70)
MALAT1-17	2	0.5880694230105342	-6.7	0	1	..(((((....((((.........)))).))))).............................. ( -6.70)
MALAT1-18	2	0.5213919246819	-16.6	0	1	..(((((....((((.........)))).)))))..(((((((........)))))))...... (-16.60)
MALAT1-20	1	0.2753832638780277	-7.8	0	0	.......................((((((..(((((...........)))))..)))))).... ( -7.80)
MALAT1-22	1	0.3839961985314235	-7.5	0	0	...............((((((((..(((((...............)))))...))))))))... ( -7.50)
MALAT1-23	2	0.5163773514326826	-7.7	0	1	..(((((....((((.........)))).)))))............(((((...)))))..... ( -7.70)
MALAT1-24	2	0.6075117185705893	-17.3	0	0	....(((((((..((((....((((((........))))))....))))...)))))))..... (-17.30)
MALAT1-26	2	0.5217321672078417	-6.9	0	0	(.(((((....((((.........)))).))))).)............................ ( -6.90)
MALAT1-27	2	0.6580964761104601	-11.5	0	0	(.(((((....((((.........)))).))))).)((.((((...........))).).)).. (-11.50)
MALAT1-30	2	0.6118413456418503	-8.2	0	0	..(((((....((((.........)))).))))).((((......))))............... ( -8.20)
MALAT1-33	2	0.6341884556910254	-7.6	0	1	..(((((....((((.........)))).)))))...((((((......)).))))........ ( -7.60)
MALAT1-34	2	0.6342448567373453	-10.3	0	0	...................((((((((((...(((((.....))))))))))...))))).... (-10.30)
MALAT1-35	1	0.5158788890352857	-7.5	0	0	(.(((((....((((.........)))).))))).)...............((((....)))). ( -7.50)
MALAT1-36	2	0.5342648333392299	-7.4	0	0	....................((..(((((.........................)))))..)). ( -7.40)
MALAT1-37	4	0.8952672526263774	-8.6	0	0	(((((((....((((.........)))).....((((.....)))).....)))))))...... ( -8.60)
MALAT1-38	1	0.2917290308558441	-8.9	0	1	..(((((....((((.........)))).)))))..................((((...)))). ( -8.90)
MALAT1-39	1	0.4130499416069804	-10.1	0	0	(.(((((....((((.........)))).))))).)...........((((((....)))))). (-10.10)
MALAT1-40	1	0.4448717935784438	-10.2	0	0	(.(((((....((((.........)))).))))).)...((((((...)))))).......... (-10.20)
MALAT1-42	4	1.1001962254592246	-9.4	0	0	..(((((....((((.........)))).)))))((((((((........))).....))))). ( -9.40)
MALAT1-43	3	0.7923924328292651	-10.1	0	1	..(((((....((((.........)))).))))).......(((....)))............. (-10.10)
MALAT1-44	3	0.7210873328285834	-7.4	0	0	.......................((((((((.(((.((((.......)))).))).)))))))) ( -7.40)
MALAT1-45	4	1.126092924264053	-6.7	0	1	..(((((....((((.........)))).))))).............................. ( -6.70)
MALAT1-46	4	0.843828892521967	-6.9	0	0	(.(((((....((((.........)))).))))).)............................ ( -6.90)
MALAT1-47	4	0.8745300141172099	-6.7	0	1	..(((((....((((.........)))).))))).............................. ( -6.70)
MALAT1-48	3	0.7284650841753527	-8.1	0	0	.....(((((.......(((.((((.((.((........)))).)))).))).......))))) ( -8.10)
MALAT1-49	1	0.3641154180652436	-6.7	0	1	..(((((....((((.........)))).))))).............................. ( -6.70)
MALAT1-51	1	0.48597924342634086	-9.1	0	0	.......................((((((....(((........)))))))))........... ( -9.10)
MALAT1-52	1	0.4993658562729463	-8.6	0	0	(((.((((...((((.........)))).......((((.....))))........)))).))) ( -8.60)
MALAT1-53	2	0.5757028696616808	-9.1	0	0	.((((..(((((.........((.((((((.............)))))).)).)))))..)))) ( -9.10)
MALAT1-54	2	0.5572280185993838	-11.0	0	0	(.(((((....((((.........)))).))))).)(((((..((((...))))...))))).. (-11.00)
MALAT1-56	3	0.773415854799018	-7.2	0	0	(.(((((....((((.........)))).))))).)..............((((.....)))). ( -7.20)
MALAT1-57	4	0.8509951521944676	-13.2	0	0	(.(((((....((((.........)))).))))).)(((((.....)))))............. (-13.20)
MALAT1-58	1	0.5103121946593902	-7.7	0	0	...........((((.........)))).....((((...)))).................... ( -7.70)
MALAT1-59	1	0.42893651902948193	-9.6	0	0	(.(((((....((((.........)))).))))).).......((((.....))))........ ( -9.60)
MALAT1-60	2	0.6561796789410792	-8.5	0	0	..(((((....((((.........)))).))))).(.(((....))).)..((((.....)))) ( -8.50)
MALAT1-61	2	0.5688116447112902	-10.7	0	0	((.(((((...((((.........)))).((((((......))))))........))))).)). (-10.70)
MALAT1-63	3	0.8085306664489129	-11.1	0	0	...........((((.........)))).((((..((..((((.......))))..)).)))). (-11.10)
MALAT1-64	4	0.8223462461993974	-7.4	0	1	..(((((....((((.........)))).)))))..((((......)))).............. ( -7.40)
MALAT1-65	2	0.6516682139289725	-7.2	0	0	((((.(((.((((((.........))))..........)).)))))))................ ( -7.20)
MALAT1-66	1	0.5089036738203478	-10.0	0	0	..(((((....((((.........)))).))))).(((((.............)))))...... (-10.00)
MALAT1-67	4	0.9130703371206262	-7.2	0	1	..(((((....((((.........)))).)))))..............(((.....)))..... ( -7.20)
MALAT1-68	2	0.5473013446179368	-7.3	0	0	(.(((((....((((.........)))).))))).)............((.....))....... ( -7.30)
MALAT1-69	2	0.638123049892971	-7.0	0	0	........................((((.((...........))))))................ ( -7.00)
MALAT1-70	2	0.5581145643556316	-8.8	0	1	..(((((....((((.........)))).))))).........(((......)))......... ( -8.80)
MALAT1-71	2	0.609920257282946	-7.2	0	1	..(((((....((((.........)))).)))))...................((((...)))) ( -7.20)
MALAT1-72	4	0.8883002169203149	-6.7	0	1	..(((((....((((.........)))).))))).............................. ( -6.70)
MALAT1-73	2	0.5278134551205833	-7.7	0	0	(.(((((....((((.........)))).))))).)..((((..((......))..)))).... ( -7.70)
MALAT1-77	4	0.8320176782058459	-8.9	0	0	..(((((....((((.........)))).))))).((((....))))................. ( -8.90)
MALAT1-79	4	0.8770181406875348	-11.2	0	0	....................((((((((((............)))).........))))))... (-11.20)
MALAT1-80	4	1.1112865658221205	-9.1	0	1	..(((((....((((.........)))).)))))....((((((..............)))))) ( -9.10)
MALAT1-82	4	0.9217522880975609	-12.5	0	0	..(((((....((((.........)))).))))).(((...(((((........)))))..))) (-12.50)
MALAT1-83	4	0.8658311464817651	-14.5	0	0	(((((((....((((.........))))......(((((.........))))).)))))))... (-14.50)
MALAT1-85	3	0.7404228654598688	-6.7	0	1	..(((((....((((.........)))).))))).............................. ( -6.70)
MALAT1-86	3	0.7489630901324037	-8.6	0	0	....((((((.((((.........))))...............))))))............... ( -8.60)
MALAT1-88	4	0.8218258736532614	-19.3	0	1	..(((((....((((.........)))).)))))..((((((((((((....)))))))))))) (-19.30)
MALAT1-89	3	0.7527088467187028	-15.0	0	0	(.(((((....((((.........)))).))))).)............((((((...)))))). (-15.00)
MALAT1-91	3	0.80303933407176	-7.8	0	0	......((((.((((.........))))............(((........)))))))...... ( -7.80)
CLUC-0	1	0.3568017853185542	-9.4	0	1	..(((((....((((.........)))).)))))............(((((.....)))))... ( -9.40)
CLUC-1	1	0.453393260911356	-11.3	0	0	.....((((.((((.........((((........)))).))))))))....(((......))) (-11.30)
CLUC-4	2	0.6822690140589218	-13.8	0	0	....................(..(((((((.......((((.....)))).)))))))..)... (-13.80)
CLUC-5	4	0.867058830307611	-8.7	0	0	...................(((((((((.......)))))..........)))).......... ( -8.70)
CLUC-6	1	0.4441631936657103	-9.8	0	0	(.(((((....((((.........)))).))))).)...((.(((((.....)))))))..... ( -9.80)
CLUC-8	2	0.6272743976753642	-7.5	0	0	(.(((((....((((.........)))).))))).)........(((.....)))......... ( -7.50)
CLUC-9	3	0.732639280270182	-9.8	0	0	(.(((((....((((.........)))).))))).).((.(((((.....))))).))...... ( -9.80)
CLUC-10	4	0.9513804374746508	-9.5	0	0	(.(((((....((((.........)))).))))).).((((.......))))............ ( -9.50)
CLUC-11	1	0.43032595409483454	-9.8	0	0	....................(((..(((((..(((((........)))))..)))))))).... ( -9.80)
CLUC-12	1	0.5096797067771855	-20.1	0	0	...........((((((...(((((((........)))))))......(((...))))))))). (-20.10)
CLUC-13	1	0.46682763498909974	-15.9	0	0	(.(((((....((((.........)))).))))).)....(((((((........))))))).. (-15.90)
CLUC-14	2	0.5185504265582229	-10.6	0	0	.....................(((((((.((......))))))))).................. (-10.60)
CLUC-16	3	0.74648548420489	-9.6	0	0	((((..(((((((((.........)))).........)))))..))))...((.......)).. ( -9.60)
CLUC-17	3	0.7972271239036173	-9.0	0	0	.............(((....(((.(((((((..............)))))..)).)))..))). ( -9.00)
CLUC-19	3	0.7765875673536426	-13.2	0	1	..(((((....((((.........)))).))))).....((..(((((....)))))..))... (-13.20)
CLUC-20	4	0.8791133639863855	-7.3	0	1	..(((((....((((.........)))).))))).....(((((...............))))) ( -7.30)
CLUC-21	1	0.4833113464917357	-11.4	0	0	..(((((....((((.........)))).)))))((((((...((......))..))).))).. (-11.40)
CLUC-22	1	0.2627363895505476	-13.6	0	0	(((...(((..((((.........))))......((((((....))))))..)))...)))... (-13.60)
CLUC-23	2	0.518443745518716	-14.1	0	0	..(((((....((((.........)))).)))))((..((((((.......))))))..))... (-14.10)
CLUC-24	2	0.5640919614050488	-10.5	0	0	..(((((....((((.........)))).))))).(((.....((((...))))....)))... (-10.50)
CLUC-26	4	0.8462223285476771	-6.8	0	1	..(((((....((((.........)))).)))))................(((......))).. ( -6.80)
CLUC-27	3	0.7174483360856082	-6.7	0	1	..(((((....((((.........)))).))))).............................. ( -6.70)
CLUC-29	2	0.5982784580301054	-10.3	0	0	...................(((((((((((.......)))))))...))))............. (-10.30)
CLUC-30	1	0.3875745382485251	-10.4	0	1	..(((((....((((.........)))).)))))....((((((......)).))))....... (-10.40)
CLUC-31	1	0.44602721496952996	-10.0	0	0	..(((((....((((.........)))).)))))((((.........))))(((((...))))) (-10.00)
CLUC-32	2	0.5250575076288678	-7.4	0	0	(.(((((....((((.........)))).))))).).......(((.......)))........ ( -7.40)
CLUC-33	2	0.5695112367982169	-10.9	0	0	..(((((....((((.........)))).)))))((((((.....))))))............. (-10.90)
CLUC-34	3	0.7631345953649156	-11.3	0	0	(.(((((....((((.........)))).))))).)((((.((((......))))...)).)). (-11.30)
CLUC-35	4	1.0072743086445084	-16.3	0	0	(.(((((....((((.........)))).))))).)(((((((((........))).)))))). (-16.30)
CLUC-36	3	0.7105247916678292	-7.7	0	0	(.(((((....((((.........)))).))))).).(((..(((.((....)).)))..))). ( -7.70)
CLUC-37	3	0.6923539447888216	-9.3	0	0	..(((((....((((.........)))).)))))((((((........)))))).......... ( -9.30)
CLUC-38	3	0.7091628616375854	-8.0	0	0	.................((((..((((((.....(((.............))))))))).)))) ( -8.00)
CLUC-39	4	0.9896157774380749	-13.7	0	0	(((...(.((.((((..((((..((((........))))...)))).))).).)))....))). (-13.70)
CLUC-40	4	0.9574976542406546	-13.8	0	0	......((((((...........(((((((...........))).))))))))))......... (-13.80)
CLUC-41	4	0.813988072517093	-12.6	0	1	..(((((....((((.........)))).)))))....((((((.(......)))).))).... (-12.60)
CLUC-42	3	0.8111432668276357	-12.9	0	1	..(((((....((((.........)))).)))))..((((((.((..........)))))))). (-12.90)
CLUC-43	4	0.9353831922587632	-11.0	0	0	...........((((.........))))((((.....(.(((........))).)....)))). (-11.00)
CLUC-44	2	0.636188071559522	-9.8	0	0	(((((..(((.((((.........))))((((..((.......)).)))))))..))))).... ( -9.80)
CLUC-45	3	0.764338991625097	-13.1	0	0	......(((.((((((..(((...(..........)...)))..)))))).((....)).))). (-13.10)
CLUC-46	4	1.0437093175226217	-13.0	0	0	(.(((((....((((.........)))).))))).)(.((((((......)))))).)...... (-13.00)
CLUC-47	4	0.9358539283007681	-9.5	0	1	..(((((....((((.........)))).)))))..............(((((...)))))... ( -9.50)
CLUC-48	3	0.7224121669028774	-10.5	0	0	..(((((....((((.........)))).))))).(((((....(((.....)))...))))). (-10.50)
CLUC-50	4	0.8516784411515408	-9.4	0	0	..(((((....((((.........)))).))))).((((((..(....)..))))....))... ( -9.40)
CLUC-51	2	0.597765446553751	-10.9	0	0	...........((((.........)))).....(((((....(((....))))))))....... (-10.90)
CLUC-52	1	0.36081997351288364	-10.7	0	0	((((((((.((((((.........))))..........)).))))))))............... (-10.70)
CLUC-53	2	0.5658460833473904	-11.6	0	0	(((.((((((.((((.........))))..........)))))).)))................ (-11.60)
CLUC-54	3	0.7018616582436601	-8.4	0	1	..(((((....((((.........)))).)))))..........(.((((....)))).).... ( -8.40)
CLUC-56	3	0.7532064257997371	-15.2	0	0	...........(((((...(((.((.((((........)))).)).))).)))))......... (-15.20)
CLUC-57	2	0.5781531387216322	-9.7	0	0	(.(((((....((((.........)))).))))).)..............(((((....))))) ( -9.70)
CLUC-58	1	0.3905955472188892	-11.3	0	0	((((..(((..((.......((.((((........)))).)).))..))))))).......... (-11.30)
CLUC-59	1	0.45056394710642017	-13.7	0	0	..(((((....((((.........)))).)))))((((.(((..((((.....))))))))))) (-13.70)
CLUC-60	1	0.5062728605354057	-9.5	0	0	..(((((....((((.........)))).)))))(((......))).((((((.....)))))) ( -9.50)
CLUC-61	2	0.5672547937895822	-10.4	0	0	(.(((((....((((.........)))).))))).).((((.((............)).).))) (-10.40)
CLUC-62	2	0.6209118256256522	-16.9	0	0	..(((((....((((.........)))).)))))(((.((.(((((....))))).)).))).. (-16.90)
CLUC-63	4	0.8694764002366129	-9.6	0	0	...........((((.........)))).((((..((........))..))))........... ( -9.60)
CLUC-64	1	0.3573077344171359	-9.8	0	0	...........((((.........))))....(((((.((..((......)).)).)))))... ( -9.80)
CLUC-65	3	0.6886178266959704	-14.0	0	0	..(((((....((((.........)))).))))).((((((......))))))........... (-14.00)
CLUC-66	3	0.7530107865222907	-9.2	0	0	......(((..((((.........))))..........(((((....)))))....)))..... ( -9.20)
CLUC-67	2	0.6330641573713968	-8.8	0	0	........................((((((.....(((....)))..))))))........... ( -8.80)
CLUC-68	4	1.0798585282107522	-12.4	0	0	......(((((...(((....(((((((.......))).)))).....)))...)))))..... (-12.40)
CLUC-69	1	0.4777086864127681	-13.0	0	0	..................(((.((((((.......(((.......))).)))))).)))..... (-13.00)
CLUC-70	1	0.5065506747288885	-14.9	0	1	..(((((....((((.........)))).)))))........(((((.((....)).))))).. (-14.90)
CLUC-71	3	0.7235249566481979	-17.5	0	1	..(((((....((((.........)))).))))).....(((((((((.....)))).))))). (-17.50)
CLUC-72	4	0.8299809538132286	-12.3	0	0	..............(((.(((.(((((((((.......))))....))))).)))..))).... (-12.30)
CLUC-73	1	0.37134563412923666	-7.2	0	1	..(((((....((((.........)))).)))))........(((....((....))....))) ( -7.20)
CLUC-74	2	0.6630026378968856	-14.7	0	0	(.(((((....((((.........)))).))))).).....(((((((.......))))))).. (-14.70)
CLUC-76	3	0.7864226509794756	-6.9	0	0	(.(((((....((((.........)))).))))).)............................ ( -6.90)
CLUC-77	4	0.9385683699196705	-6.7	0	1	..(((((....((((.........)))).))))).............................. ( -6.70)
CLUC-79	2	0.5858554690171855	-8.9	0	0	....(((((((((((.........))))...(((((...........)))))...))))))).. ( -8.90)
CLUC-81	2	0.5628513824303397	-10.4	0	1	..(((((....((((.........)))).))))).............(((((.....))))).. (-10.40)
CLUC-82	1	0.43997545638784086	-13.6	0	1	..(((((....((((.........)))).)))))........((((.((...)).))))..... (-13.60)
CLUC-83	2	0.6482763572293274	-9.0	0	0	.....................((((((((......................))))))))..... ( -9.00)
CLUC-84	4	0.8669861665458006	-18.0	0	0	.....................((((((........))))))(((((((((....))))))))). (-18.00)
CLUC-86	2	0.590912778043126	-13.9	0	0	(.(((((....((((.........)))).))))).)..((((...((((....)))).)))).. (-13.90)
CLUC-87	4	0.8811721491522533	-13.0	0	0	(.(((((....((((.........)))).))))).)....((((((........))).)))... (-13.00)
CLUC-88	4	0.85045921331667	-9.6	0	1	..(((((....((((.........)))).)))))......(.((..(((......)))..)).) ( -9.60)
GLUC-0	1	0.3608975889264042	-9.0	0	0	......................((((((........(((......))))))))).......... ( -9.00)
GLUC-1	1	0.3724148936436723	-8.9	0	0	......................((((((.((...........)).))))))............. ( -8.90)
GLUC-2	1	0.3625663654669409	-10.0	0	0	......................((((((.((........)).))))))................ (-10.00)
GLUC-4	1	0.42331742875145606	-9.8	0	0	......................((((((........))))))........(((........))) ( -9.80)
GLUC-5	1	0.4249086132038417	-11.2	0	1	..(((((....((((.........)))).))))).....(((((.(.((....)).)..))))) (-11.20)
GLUC-6	2	0.534405569459883	-12.8	0	0	(.(((((....((((.........)))).))))).)(((((.(.((....)).)..)))))... (-12.80)
GLUC-7	3	0.701216939275697	-12.7	0	0	(((((((....((..........(((((((..........)))).)))))..)))))))..... (-12.70)
GLUC-9	1	0.5048839709631979	-10.5	0	0	(((((((....((((.........))))........((....))..)))))))........... (-10.50)
GLUC-10	3	0.7564498079184967	-12.6	0	1	..(((((....((((.........)))).)))))..(((.(((..((......)))))..))). (-12.60)
GLUC-12	3	0.7144323126269758	-12.9	0	0	(((((((....((((.........)))).........))))))).(((.(((....)))))).. (-12.90)
GLUC-13	1	0.43580164751268313	-14.4	0	0	(.(((((....((((.........)))).))))).).......((((((.......)).)))). (-14.40)
GLUC-14	2	0.6229157414863445	-14.4	0	0	(.(((((....((((.........)))).))))).).....((((((.......)).))))... (-14.40)
GLUC-15	2	0.5604647098489682	-14.2	0	1	..(((((....((((.........)))).)))))....((((((.......)).))))...... (-14.20)
GLUC-16	3	0.8014075897871147	-14.8	0	1	..(((((....((((.........)))).)))))...........((((((......)))))). (-14.80)
GLUC-17	4	0.9161665872253754	-15.0	0	0	(.(((((....((((.........)))).))))).)......((((((......)))))).... (-15.00)
GLUC-19	3	0.7196194461451901	-15.1	0	0	(.(((((....((((.........)))).))))).)((((((......)))))).......... (-15.10)
GLUC-20	3	0.6857236685191049	-13.8	0	0	..(((((....((((.........)))).))))).(((((......)))))............. (-13.80)
GLUC-21	2	0.6626082912759339	-9.4	0	0	(.(((((....((((.........)))).))))).).....((.((....)).))......... ( -9.40)
GLUC-22	2	0.6013971231681815	-9.8	0	0	(.(((((....((((.........)))).))))).)((......)).((((.....)).))... ( -9.80)
GLUC-24	4	0.8310247411067007	-10.6	0	1	..(((((....((((.........)))).)))))...(((.((((.....)).))..))).... (-10.60)
GLUC-25	2	0.6447033554110432	-11.0	0	0	..(((((....((((.........)))).)))))(((.((((.....)).)).)))........ (-11.00)
GLUC-26	4	0.8698370009371208	-12.1	0	0	.....................(((((((.......))).))))....((((((....)).)))) (-12.10)
GLUC-28	4	0.8851870363442764	-12.1	0	1	..(((((....((((.........)))).)))))........((((((....)).))))..... (-12.10)
GLUC-30	4	0.8441449347941385	-13.2	0	0	...........((((.........)))).((((...((((((....)).))))...)))).... (-13.20)
GLUC-32	4	0.8370777685003534	-9.6	0	0	.....................((((((..((((...(((....)))....))))....)))))) ( -9.60)
GLUC-33	3	0.6901872817340942	-11.5	0	0	....................(((((((........((((.......)))).....))))))).. (-11.50)
GLUC-35	2	0.6223807783965536	-12.5	0	1	..(((((....((((.........)))).)))))..(((......))).(((......)))... (-12.50)
GLUC-36	2	0.6221224044323489	-16.2	0	0	(.(((((....((((.........)))).))))).)....((((..(((......))).)))). (-16.20)
GLUC-37	4	0.8374026501812413	-16.9	0	0	...........((((.........)))).....((((.(((..(((......))).))))))). (-16.90)
GLUC-38	3	0.734125826052395	-12.1	0	0	..(((((....((((.........)))).))))).((((((((......)))......))))). (-12.10)
GLUC-39	1	0.48616684428696316	-11.5	0	0	....................(((((((...........)))))))..(((........)))... (-11.50)
GLUC-40	1	0.4662509414527405	-15.7	0	0	......((((..........((((((((.......))))))))..(((........))))))). (-15.70)
GLUC-41	2	0.5363305970645184	-10.4	0	1	..(((((....((((.........)))).)))))....((.(((.(((....).)).))))).. (-10.40)
GLUC-42	3	0.697628287344211	-10.0	0	0	......((((.((((.........))))...........(((........)))))))....... (-10.00)
GLUC-43	4	0.8528209156692255	-10.1	0	0	......((((.((((.........))))........(((........))))))).......... (-10.10)
GLUC-45	4	0.8174546654878456	-9.7	0	0	(.(((((....((((.........)))).))))).).((((..(.((......)).)..)))). ( -9.70)
GLUC-46	4	0.8663347972235951	-11.0	0	0	..(((((....((((.........)))).))))).(((((.........))))).......... (-11.00)
GLUC-47	4	0.8746389084313271	-12.4	0	1	..(((((....((((.........)))).))))).............(((((......))))). (-12.40)
GLUC-49	2	0.6245995988307049	-13.7	0	1	..(((((....((((.........)))).)))))...(((.(((((......))))).).)).. (-13.70)
GLUC-50	4	0.8789699561463619	-13.2	0	1	..(((((....((((.........)))).)))))..(.(((((......))))).)........ (-13.20)
GLUC-51	1	0.4009881051163882	-12.4	0	0	..(((((....((((.........)))).))))).(((((......)))))............. (-12.40)
GLUC-52	1	0.386537549983084	-8.8	0	0	(.(((((....((((.........)))).))))).).((((.......))))............ ( -8.80)
GLUC-53	1	0.36268482412607217	-9.3	0	1	..(((((....((((.........)))).)))))......((((.(((......)))..)).)) ( -9.30)
GLUC-54	1	0.4901291043189997	-13.3	0	0	(.(((((....((((.........)))).))))).).((((((.((........)))))))).. (-13.30)
GLUC-57	1	0.3774027081482928	-11.6	0	0	(.(((((....((((.........)))).))))).)..............(((((...))))). (-11.60)
GLUC-58	1	0.4640007801211858	-13.2	0	0	(.(((((....((((.........)))).))))).)........((.(((((...))))).)). (-13.20)
GLUC-59	1	0.3944476025454246	-13.0	0	1	..(((((....((((.........)))).))))).......((.(((((...))))).)).... (-13.00)
GLUC-60	3	0.7021461657424846	-13.0	0	1	..(((((....((((.........)))).))))).....((.(((((...))))).))...... (-13.00)
GLUC-61	1	0.4100526278937956	-13.7	0	0	..(((((....((((.........)))).))))).((.((((.((.........)).)))))). (-13.70)
GLUC-62	1	0.3268701269199632	-11.8	0	0	(.(((((....((((.........)))).))))).)(((((...)))))............... (-11.80)
GLUC-63	1	0.3916008812877507	-9.0	0	1	..(((((....((((.........)))).))))).........((((.(....)))))...... ( -9.00)
GLUC-64	2	0.6697537584815387	-9.3	0	1	..(((((....((((.........)))).)))))........(((((...........))))). ( -9.30)
GLUC-65	4	0.8246418598513534	-9.9	0	0	..(((((....((((.........)))).))))).(((.(((((...........))))).))) ( -9.90)
GLUC-66	2	0.5965468234310459	-9.3	0	1	..(((((....((((.........)))).)))))..(((((...........)))))....... ( -9.30)
GLUC-67	2	0.6008080252329595	-8.8	0	0	..(((((....((((.........)))).))))).((((...........)))).......... ( -8.80)
GLUC-68	2	0.589845261957975	-7.2	0	0	(.(((((....((((.........)))).))))).)..((.((....)).))............ ( -7.20)
GLUC-69	2	0.5383777866492578	-9.5	0	0	((((..(((..((((.........)))).......((.((....)).))...)))...)))).. ( -9.50)
GLUC-70	2	0.6073162287149944	-8.6	0	0	((((..(((..((((.........))))...........((....))..)))...))))..... ( -8.60)
GLUC-71	2	0.5818259949041225	-8.8	0	0	((((..(((..((((.........))))........((....))..)))...))))........ ( -8.80)
GLUC-73	2	0.5374576213414596	-9.4	0	0	(.(((((....((((.........)))).))))).)((...(.(((...))).)...))..... ( -9.40)
GLUC-74	2	0.5645172716953167	-8.8	0	0	((((..(((..((((.........))))..........)))...))))................ ( -8.80)
GLUC-76	1	0.46029260808051564	-9.3	0	0	..(((((....((((.........)))).))))).((((...((...((....)).))..)))) ( -9.30)
GLUC-77	3	0.7189994965258777	-11.3	0	0	(.(((((....((((.........)))).))))).)...............((((.....)))) (-11.30)
GLUC-78	1	0.44005946320858225	-12.4	0	0	(.(((((....((((.........)))).))))).)............((((.....))))... (-12.40)
GLUC-80	2	0.6837894306704012	-12.4	0	0	(.(((((....((((.........)))).))))).).......((((.....))))........ (-12.40)
GLUC-81	2	0.6279521794496754	-13.3	0	0	(((..(((...((((.........))))............((((.....))))..)))..))). (-13.30)
GLUC-82	4	0.8207865595849944	-14.7	0	0	.......................(((.(((.......((((.....)))).......))).))) (-14.70)
GLUC-83	3	0.7454478703816017	-16.3	0	0	....................((((((.(((.....(((.....)))........))).)))))) (-16.30)
GLUC-84	4	0.8190091422775609	-16.3	0	0	...................(((((((.(((.....((.....)).......))).))))))).. (-16.30)
GLUC-85	2	0.5714303688263543	-15.6	0	0	...................(((((((.(((..................))).)))))))..... (-15.60)
GLUC-87	3	0.6853273387812536	-20.0	0	0	........((((.((....(((((((.(((.............))).))))))).)).)))).. (-20.00)
GLUC-88	4	0.898217706971198	-20.3	0	0	........((((.((....(((((((.(((..........))).))))))).)).))))..... (-20.30)
GLUC-90	3	0.6840789913881554	-16.8	0	0	........((((.((....(((((((.(........).))))))).)).))))(((....))). (-16.80)
GLUC-91	1	0.49176410103736845	-16.5	0	0	............(((....(((((((.........)))))))((((((....))).)))))).. (-16.50)
GLUC-92	4	0.8549443201649796	-13.9	0	1	..(((((....((((.........)))).)))))..(.(((((((....))).)))).)..... (-13.90)
GLUC-94	4	0.8669382153609204	-11.2	0	0	...........((((.........)))).(((..((((......))))..)))........... (-11.20)
GLUC-95	2	0.5617536982511907	-8.6	0	1	..(((((....((((.........)))).)))))........((((....)))).......... ( -8.60)
GLUC-96	4	0.8873161902867575	-15.4	0	0	..(((((....((((.........)))).))))).((((....))))((((((....)))))). (-15.40)
GLUC-97	4	0.910054144517777	-14.9	0	1	..(((((....((((.........)))).)))))......((((((((((....)))))))))) (-14.90)
GLUC-98	3	0.8030273578068807	-18.6	0	1	..(((((....((((.........)))).)))))..(((((((((((....))))))))))).. (-18.60)
GLUC-99	3	0.7646219359805648	-15.8	0	0	..(((((....((((.........)))).))))).(((((((((....)))))))))....... (-15.80)
GLUC-102	2	0.6768557958050457	-15.3	0	0	.(((.((..((((((((....(((((((........)))))))...))))).)))..)).))). (-15.30)
GLUC-104	4	0.9676360919956462	-12.5	0	0	..(((((....((((.........)))).))))).((((.(((((......))))).))))... (-12.50)
GLUC-106	4	0.8656257557299527	-13.4	0	1	..(((((....((((.........)))).))))).....((.((..((......))..)).)). (-13.40)
GLUC-107	4	1.094122278565423	-13.7	0	0	(.(((((....((((.........)))).))))).)((.((..((......))..)).)).... (-13.70)
GLUC-108	3	0.7216830455037382	-11.8	0	1	..(((((....((((.........)))).)))))........((((.((.......)).)))). (-11.80)
GLUC-110	1	0.35964956946096466	-14.5	0	0	..(((((....((((.........)))).))))).(((((.((.......)).)))))...... (-14.50)
GLUC-111	1	0.5038251645665099	-10.4	0	0	..(((((....((((.........)))).))))).((((..((........))..))))..... (-10.40)
GLUC-112	1	0.37614447561100833	-13.6	0	0	..(((((....((((.........)))).))))).((((...(((..........))))))).. (-13.60)
GLUC-113	1	0.42294243008289356	-10.9	0	0	..(((((....((((.........)))).)))))((.(..(((..........)))..).)).. (-10.90)
GLUC-114	1	0.36382598113286196	-11.2	0	0	(.(((((....((((.........)))).))))).)..(((..((((.......)))))))... (-11.20)
GLUC-115	2	0.5441486983542784	-11.8	0	0	..(((((....((((.........)))).)))))(((((............)))))........ (-11.80)
GLUC-117	1	0.33898380200807043	-12.2	0	0	(.(((((....((((.........)))).))))).).((.(((...((((...))))))).)). (-12.20)
GLUC-118	3	0.7911951910568149	-14.0	0	1	..(((((....((((.........)))).))))).......(((((.((.....))...))))) (-14.00)
GLUC-119	4	0.8572622908063017	-18.1	0	0	(.(((((....((((.........)))).))))).)(((((((((...)))))......)))). (-18.10)
GLUC-120	3	0.8061772374722933	-14.4	0	1	..(((((....((((.........)))).)))))..(((((.((.....))...)))))..... (-14.40)
GLUC-122	2	0.6118856723985059	-14.7	0	0	(.(((((....((((.........)))).))))).)..(((((((((...))))..)))))... (-14.70)
GLUC-123	4	0.9888329760837797	-13.9	0	0	(.(((((....((((.........)))).))))).)((((((((...))))..))))....... (-13.90)
GLUC-124	3	0.8103669727675928	-8.9	0	0	(.(((((....((((.........)))).))))).)((((...........))))......... ( -8.90)
GLUC-125	2	0.6546439744230339	-8.7	0	1	..(((((....((((.........)))).))))).......(((...(((...))).))).... ( -8.70)
GLUC-126	4	1.045545684943122	-11.0	0	0	..(((((....((((.........)))).))))).(((.(((...(((...)))...))).))) (-11.00)
GLUC-127	4	1.099845846086692	-8.9	0	0	(.(((((....((((.........)))).))))).)(((...(((...))).)))......... ( -8.90)
GLUC-128	1	0.5132714963141098	-8.4	0	1	..(((((....((((.........)))).))))).......((((..........))))..... ( -8.40)
GLUC-129	1	0.48214030299445243	-11.1	0	0	..(((((....((((.........)))).))))).((((......((.....))......)))) (-11.10)
GLUC-130	1	0.5009673669718933	-7.0	0	1	..(((((....((((.........)))).))))).................((.......)).. ( -7.00)
GLUC-131	2	0.6609213653380924	-7.8	0	0	..............((((...((.(((........))).))..)))).((..(....)..)).. ( -7.80)
GLUC-132	2	0.6321168922577135	-11.0	0	0	..(((((....((((.........)))).))))).(((.....))).......(((....))). (-11.00)
GLUC-133	2	0.6436643919110296	-10.5	0	1	..(((((....((((.........)))).))))).......((((.((......))..)))).. (-10.50)
GLUC-134	3	0.7533212634884232	-10.5	0	1	..(((((....((((.........)))).)))))....((((.((......))..))))..... (-10.50)
GLUC-136	4	0.9154451993446564	-14.7	0	0	(.(((((....((((.........)))).))))).)........((((((....)))))).... (-14.70)
GLUC-137	4	0.9893039864359051	-14.5	0	1	..(((((....((((.........)))).))))).......((((((....))))))....... (-14.50)
GLUC-138	2	0.5676793995480529	-14.7	0	0	(.(((((....((((.........)))).))))).)..((((((....)))))).......... (-14.70)
GLUC-139	4	0.8599336317694646	-18.0	0	0	..(((((....((((.........)))).))))).(((((((....)))))))........... (-18.00)
GLUC-140	4	0.8123503000774692	-12.3	0	1	..(((((....((((.........)))).)))))....((.....))((((......))))... (-12.30)
GLUC-141	3	0.6962119005344709	-13.3	0	0	......((((...........(((((.........)))))..((.(((......))))))))). (-13.30)
GLUC-142	2	0.6460303899683213	-13.3	0	0	..(((((....((((.........)))).)))))(((..((.(((......))))))))..... (-13.30)
GLUC-143	3	0.7220475677465739	-15.3	0	0	(((...(((..((((.........)))).......(((.(((......)))))))))...))). (-15.30)
GLUC-145	3	0.7858947734112811	-9.1	0	1	..(((((....((((.........)))).))))).............((((........)))). ( -9.10)
GLUC-146	3	0.8028460780878389	-11.7	0	0	(.(((((....((((.........)))).))))).).......((((((........)).)))) (-11.70)
GLUC-149	3	0.713865501869543	-13.2	0	0	......((((.((((.........))))......((((((........)).))))))))..... (-13.20)
GLUC-152	2	0.6522470806405505	-13.3	0	0	...........((((.........)))).(((.((((((.((((...)))).)).))))..))) (-13.30)
GLUC-153	1	0.4206225052664947	-14.3	0	0	(.(((((....((((.........)))).))))).).......((((((((....))).))))) (-14.30)
GLUC-155	1	0.4224229278002113	-20.6	0	0	..(((((....((((.........)))).))))).((((((((((....))).))))))).... (-20.60)
GLUC-156	2	0.622521253142642	-13.3	0	0	(.(((((....((((.........)))).))))).)...(((....)))((((....))))... (-13.30)
GLUC-157	1	0.45187601381738535	-14.5	0	0	(.(((((....((((.........)))).))))).).....((((.((((....)))))))).. (-14.50)
GLUC-158	2	0.5195939112205836	-15.2	0	0	..(((((....((((.........)))).))))).(((((((.((((....)))))))).))). (-15.20)
GLUC-159	3	0.7619962096952076	-19.1	0	0	...........((((.........)))).((..(((((((.((((....)))))))))))..)) (-19.10)
GLUC-161	2	0.647907994234253	-13.3	0	0	(((((.(((..((((.........))))........(((....))).....))).))))).... (-13.30)
GLUC-162	2	0.5278560405462059	-12.4	0	0	..................(((((...(((((..(((..((....))..)))..)))))))))). (-12.40)
GLUC-164	2	0.5393624034304347	-12.4	0	0	..................(((((.(((((((..(((......)))..))))))).))))).... (-12.40)
GLUC-165	3	0.7227776049424715	-13.3	0	0	.........((((.....(((((.(((((((..(((...)))..))))))).)))))...)))) (-13.30)
GLUC-166	3	0.6964053915415356	-15.3	0	0	........(((((.....(((((.(((((((...........))))))).)))))...))))). (-15.30)
GLUC-167	2	0.6163486636817285	-16.4	0	0	........(((((.....(((((.(((((((........))))))).)))))...))))).... (-16.40)
GLUC-168	1	0.5017450646737756	-16.0	0	0	........(((((.....(((((.(((((((.....))))))).)))))...)))))....... (-16.00)
GLUC-169	4	1.08656397216053	-17.6	0	0	........(((((.....((((((((.........))))))))......))))).......... (-17.60)
GLUC-170	1	0.5151390107042498	-14.2	0	0	..(((((....((((.........)))).)))))((((.......))))((((...)))).... (-14.20)
GLUC-171	2	0.5312114653871016	-16.4	0	0	........(((((...........((((((.......)))))))))))...((((....)))). (-16.40)
GLUC-172	1	0.4448407389347683	-14.4	0	0	............((((.....((((..........))))....))))..((((....))))... (-14.40)
GLUC-174	4	0.8967782604789485	-17.6	0	0	..(((((....((((.........)))).))))).(((..(((((((....)))).))).))). (-17.60)
GLUC-175	3	0.7107425866658933	-17.4	0	0	(.(((((....((((.........)))).))))).).(((((((....)))).)))........ (-17.40)
GLUC-176	3	0.775885967764413	-14.2	0	0	..(((((....((((.........)))).))))).((((((....)))).)).(((....))). (-14.20)
GLUC-179	4	0.969012024970942	-11.6	0	0	(.(((((....((((.........)))).))))).).(((.(...(((....))).)))).... (-11.60)
GLUC-181	4	0.9726026239357042	-8.6	0	0	(.(((((....((((.........)))).))))).).....(((........)))......... ( -8.60)
GLUC-183	4	0.8607717493985191	-9.6	0	0	(.(((((....((((.........)))).))))).)..((.((((((.........)))))))) ( -9.60)
GLUC-184	4	0.9445827305744143	-10.2	0	0	((((.......((((.........))))........)))).(((((((......)))).))).. (-10.20)
GLUC-185	3	0.7795211693543792	-10.3	0	1	..(((((....((((.........)))).))))).....(((((((......))))...))).. (-10.30)
